order_id,customer_id,order_date,product_category,product_name,quantity,unit_price,discount,city,payment_method,delivery_days,customer_rating
,CUST5,2024-04-12,Home,Laptop,,245.76,0,Pune,UPI,3,3
ORD1001,CUST34,2024-12-14,Clothing,Blender,4,270.97,0,Chennai,Card,,4
ORD1002,CUST47,2024-09-27,Clothing,Face Cream,3,35.39,0,Chennai,Card,1,
ORD1003,CUST48,2024-04-16,Electronics,,2,174.94,0,Pune,UPI,1,4
ORD1004,CUST4,2024-03-12,Sports,,5,75.86,5,,UPI,3,4
ORD1005,,2024-07-07,Home,Dumbbells,,41.05,5,,Card,,
ORD1006,CUST23,2024-01-21,Electronics,Blender,1,495.08,20,Hyderabad,,2,3
ORD1007,CUST12,2024-04-12,Clothing,T-shirt,,167.95,15,Hyderabad,Card,3,1
ORD1008,CUST39,2024-05-01,,Headphones,5,406.84,0,Delhi,UPI,1,4
ORD1009,CUST11,2024-08-02,Clothing,,,134.77,0,Bangalore,NetBanking,1,
ORD1010,CUST51,2024-11-26,Electronics,,4,343.94,0,Mumbai,UPI,,2
ORD1011,CUST18,2024-03-28,,,3,382.51,5,Hyderabad,UPI,,4
,,2024-04-09,,Shoes,2,301.86,0,Chennai,UPI,1,2
ORD1013,CUST9,2024-12-25,Clothing,,,241.07,10,Delhi,Card,,3
ORD1014,CUST37,2024-05-31,Sports,Laptop,5,211.8,,Mumbai,,4,1
ORD1015,CUST19,2024-05-10,Beauty,Watch,1,180.95,5,Delhi,UPI,7,3
ORD1016,,2024-05-29,Clothing,Blender,1,465.47,5,Mumbai,NetBanking,3,4
,CUST38,2024-11-04,Sports,T-shirt,2,417.0,,Mumbai,Card,3,3
ORD1018,CUST20,2024-09-14,Clothing,Watch,5,482.86,,Pune,Card,3,4
ORD1019,CUST42,2024-12-09,Sports,Face Cream,,70.91,15,Hyderabad,Card,4,
ORD1020,CUST7,2024-10-20,Sports,Headphones,1,368.13,0,Delhi,UPI,1,
ORD1021,CUST1,2024-07-10,Home,Laptop,3,469.79,20,Delhi,UPI,1,2
ORD1022,CUST1,2024-10-03,Electronics,T-shirt,2,98.8,5,Pune,NetBanking,2,3
ORD1023,CUST6,2024-06-09,Beauty,Watch,,42.58,20,,UPI,4,2
ORD1024,CUST51,2024-11-09,Clothing,Headphones,5,373.15,15,Chennai,,2,
ORD1025,CUST41,2024-01-22,Electronics,Shoes,5,291.49,5,,Card,4,
ORD1026,CUST2,2024-09-09,Electronics,Laptop,3,422.5,0,Hyderabad,NetBanking,,3
ORD1027,CUST7,2024-08-23,Home,Laptop,2,78.49,0,Hyderabad,Cash,1,5
ORD1028,CUST52,2024-12-10,Sports,Shoes,2,399.68,5,Bangalore,Cash,4,3
ORD1029,CUST4,2024-02-18,Electronics,Blender,1,108.8,10,Pune,Cash,3,4
ORD1030,CUST12,2024-02-28,Home,,5,90.19,0,Chennai,Cash,7,1
ORD1031,CUST4,2024-06-18,Clothing,Laptop,5,90.49,0,Mumbai,UPI,2,4
ORD1032,CUST57,2024-07-06,Sports,Laptop,,,15,Delhi,Card,4,2
ORD1033,CUST22,2024-09-27,Electronics,Watch,,335.95,,Hyderabad,Card,5,5
ORD1034,CUST23,2024-07-08,Sports,,3,266.3,5,Delhi,NetBanking,,4
ORD1035,CUST37,2024-06-23,Clothing,Headphones,4,185.83,0,Delhi,UPI,4,4
ORD1036,CUST25,2024-02-20,,Shoes,,439.83,0,Bangalore,Cash,3,
ORD1037,CUST41,2024-12-29,Electronics,Headphones,5,202.3,0,Chennai,UPI,4,3
ORD1038,CUST18,2024-02-24,Clothing,Shoes,2,410.13,,Hyderabad,Card,7,3
ORD1039,CUST50,2024-08-31,Electronics,Face Cream,3,225.18,0,,Card,3,3
ORD1040,CUST57,2024-11-15,,Laptop,1,194.7,5,,,1,1
,CUST11,2024-05-10,Beauty,,,236.71,0,Mumbai,UPI,,
ORD1042,CUST59,2024-11-02,Clothing,Watch,3,157.68,5,Bangalore,Card,4,4
ORD1043,CUST54,2024-05-14,Sports,,2,376.33,10,Mumbai,UPI,4,3
ORD1044,CUST51,2024-01-21,Beauty,,4,256.33,15,Hyderabad,Card,2,3
ORD1045,CUST40,2024-11-24,Home,,3,123.78,0,,UPI,4,3
ORD1046,CUST34,2024-06-15,Home,Headphones,2,450.79,0,Hyderabad,Card,3,4
ORD1047,,2024-09-30,Clothing,Shoes,1,198.11,0,Chennai,Cash,4,3
ORD1048,CUST32,2024-03-29,Electronics,Speaker,4,276.34,,Delhi,Card,1,
ORD1049,CUST5,2024-11-11,Beauty,Face Cream,3,454.17,20,Delhi,UPI,4,3
ORD1050,CUST15,2024-01-14,,T-shirt,4,315.88,5,Mumbai,Card,,
ORD1051,,2024-08-29,Sports,,3,67.28,10,Bangalore,Card,1,5
ORD1052,CUST18,2024-09-21,Clothing,Blender,5,470.52,10,,UPI,,2
ORD1053,CUST45,2024-12-11,Clothing,Headphones,3,317.58,0,Pune,UPI,3,
ORD1054,CUST29,2024-02-22,Sports,Watch,3,174.1,,Delhi,UPI,7,
ORD1055,CUST35,2024-12-05,Beauty,T-shirt,5,78.24,,Chennai,Card,5,5
ORD1056,CUST6,2024-04-01,Beauty,Speaker,2,399.07,0,Mumbai,UPI,3,3
ORD1057,CUST38,2024-09-20,Beauty,Blender,1,313.84,5,Mumbai,NetBanking,4,5
ORD1058,CUST47,2024-02-04,Sports,Speaker,1,271.4,0,Pune,Cash,7,5
ORD1059,,2024-07-24,Electronics,T-shirt,4,448.01,0,Chennai,Card,3,5
ORD1060,CUST36,2024-03-21,Electronics,,3,,10,Bangalore,UPI,2,4
ORD1061,CUST58,,Beauty,Blender,4,84.32,0,Chennai,Card,4,3
ORD1062,CUST12,2024-12-25,Sports,Speaker,2,162.74,10,Bangalore,Card,5,1
ORD1063,CUST14,2024-01-02,Electronics,Watch,1,131.76,0,Chennai,,5,
ORD1064,CUST28,2024-02-23,Electronics,Shoes,1,374.53,0,Chennai,Card,,2
ORD1065,CUST14,2024-04-15,Sports,Laptop,2,26.43,0,Hyderabad,UPI,3,4
ORD1066,CUST32,,Electronics,Shoes,,289.25,0,Mumbai,UPI,5,3
ORD1067,CUST49,2024-11-05,Electronics,T-shirt,2,383.6,10,Chennai,Cash,1,
ORD1068,CUST31,2024-07-09,Home,Headphones,2,439.62,0,Pune,UPI,3,4
ORD1069,CUST20,2024-08-05,Sports,Laptop,,177.62,5,Chennai,Card,1,
ORD1070,CUST13,2024-02-13,Sports,Face Cream,2,412.42,5,Delhi,Card,2,2
,CUST4,2024-06-10,Clothing,Watch,3,64.21,10,Mumbai,UPI,3,5
ORD1072,,2024-07-20,Sports,Face Cream,4,424.76,,Delhi,Card,3,
ORD1073,CUST39,2024-09-26,Clothing,Blender,2,72.47,10,Mumbai,UPI,4,3
ORD1074,CUST42,2024-12-16,Clothing,Laptop,3,204.67,0,Delhi,Card,3,4
ORD1075,CUST45,2024-10-30,Sports,Face Cream,5,400.67,0,Chennai,Card,3,4
ORD1076,CUST36,2024-09-27,,Face Cream,,83.46,0,Chennai,UPI,2,2
ORD1077,CUST18,2024-08-02,Beauty,Speaker,1,122.33,5,Hyderabad,Card,3,3
ORD1078,CUST49,2024-09-08,Sports,Shoes,,363.9,0,Pune,UPI,2,3
ORD1079,,2024-07-08,Home,Speaker,3,362.82,5,Delhi,UPI,1,2
ORD1080,CUST59,2024-10-22,Electronics,Laptop,,324.16,5,Bangalore,Cash,4,
ORD1081,CUST50,2024-07-31,Clothing,Laptop,3,350.03,0,Hyderabad,Card,4,1
ORD1082,CUST37,2024-07-26,,T-shirt,,275.93,15,Delhi,Card,4,1
ORD1083,CUST21,2024-08-24,Clothing,Speaker,3,133.38,0,Delhi,Card,3,2
ORD1084,CUST14,2024-12-03,,Dumbbells,2,179.39,0,Hyderabad,UPI,3,
ORD1085,CUST29,2024-02-22,Clothing,Shoes,3,98.98,10,Chennai,Cash,7,3
ORD1086,CUST9,2024-10-06,Beauty,Laptop,2,455.14,5,Delhi,Card,3,
ORD1087,CUST22,2024-08-04,Sports,T-shirt,1,295.86,10,Chennai,NetBanking,3,3
ORD1088,CUST18,2024-09-08,Beauty,Speaker,1,206.42,5,Hyderabad,Card,1,3
ORD1089,CUST19,,Home,Shoes,1,236.38,0,Chennai,UPI,2,3
ORD1090,CUST50,2024-02-10,Home,Speaker,1,474.17,15,Mumbai,,3,3
ORD1091,CUST13,2024-06-05,,Face Cream,,85.14,,Bangalore,NetBanking,,2
ORD1092,CUST57,2024-01-15,Electronics,T-shirt,3,297.25,10,,Cash,3,
ORD1093,CUST31,2024-10-27,Sports,Shoes,1,257.89,0,Delhi,Cash,,2
ORD1094,CUST57,2024-03-05,Clothing,,2,309.61,5,Pune,Card,4,4
ORD1095,CUST57,2024-12-10,Electronics,,5,18.87,0,Bangalore,Cash,5,4
ORD1096,CUST26,2024-11-22,,Blender,3,437.34,0,,Card,5,2
ORD1097,CUST56,2024-01-09,Electronics,Shoes,4,466.74,,Chennai,NetBanking,4,1
ORD1098,CUST30,2024-12-09,,Speaker,1,286.92,0,Delhi,UPI,,4
ORD1099,CUST20,2024-05-08,,,1,351.36,,Chennai,Cash,1,3
ORD1100,CUST40,2024-05-15,,Blender,1,,5,Mumbai,,2,1
ORD1101,CUST52,2024-03-03,Clothing,T-shirt,,356.55,0,Hyderabad,UPI,1,
ORD1102,CUST28,2024-05-18,Electronics,Blender,2,84.74,5,Delhi,UPI,4,1
ORD1103,CUST3,2024-03-21,,,1,292.38,20,,Cash,,4
ORD1104,CUST30,2024-06-11,Home,Speaker,,307.29,10,,Card,2,
ORD1105,CUST50,2024-10-15,,Face Cream,1,217.82,15,Mumbai,Card,,2
ORD1106,CUST6,2024-09-17,,Blender,3,370.86,10,Mumbai,Card,1,
ORD1107,CUST59,2024-08-18,Beauty,,2,467.84,10,Delhi,Card,,2
ORD1108,CUST52,2024-02-10,Clothing,,2,463.53,15,Chennai,NetBanking,3,3
ORD1109,CUST29,2024-01-28,Clothing,Face Cream,3,230.91,0,Pune,Card,1,2
ORD1110,CUST30,2024-05-14,Beauty,,4,65.49,5,,,3,4
ORD1111,CUST12,,Clothing,,1,492.57,0,,Card,2,1
ORD1112,CUST33,2024-11-23,Electronics,Shoes,4,421.06,,Mumbai,,2,3
ORD1113,CUST49,2024-09-24,Home,Face Cream,3,71.08,,Bangalore,,2,
ORD1114,CUST51,2024-02-02,,Headphones,1,461.21,0,Mumbai,UPI,5,5
ORD1115,CUST5,2024-02-17,Sports,Speaker,,436.25,10,,UPI,3,4
ORD1116,CUST4,2024-03-02,Home,,,264.23,,Chennai,UPI,2,3
ORD1117,CUST26,2024-08-03,Electronics,,1,299.72,0,Chennai,Cash,,4
,CUST55,2024-10-19,Sports,Laptop,2,205.51,5,,Card,4,3
ORD1119,CUST36,2024-04-08,,Dumbbells,5,36.83,,,,2,3
ORD1120,CUST49,,Electronics,Face Cream,4,174.25,0,Mumbai,,3,2
,CUST20,2024-12-25,Home,Watch,1,,10,Chennai,UPI,1,
ORD1122,CUST8,2024-08-01,Beauty,,2,12.27,0,Pune,Card,2,3
ORD1123,CUST55,2024-02-04,Sports,,2,173.41,,Delhi,,4,2
ORD1124,CUST54,2024-08-14,Sports,Headphones,3,205.1,,Hyderabad,Card,2,3
ORD1125,CUST10,2024-04-10,Sports,,3,273.32,,Hyderabad,Card,3,3
ORD1126,CUST48,2024-05-10,Clothing,Headphones,2,,5,Hyderabad,Card,4,5
ORD1127,CUST16,2024-09-13,Clothing,Blender,3,179.71,20,,UPI,1,4
ORD1128,CUST53,2024-01-05,Beauty,,,180.01,15,Mumbai,NetBanking,3,4
,CUST27,2024-08-05,Beauty,Dumbbells,1,371.38,0,Bangalore,Cash,2,1
ORD1130,CUST51,2024-09-11,Beauty,Shoes,2,231.59,15,Chennai,Cash,,3
ORD1131,CUST54,2024-12-24,,Watch,4,120.06,0,Delhi,UPI,3,3
ORD1132,CUST9,2024-10-09,Home,Laptop,5,231.7,5,Pune,Card,5,1
ORD1133,CUST48,2024-07-25,Home,Dumbbells,3,79.02,0,Delhi,UPI,3,3
ORD1134,CUST42,2024-01-15,Beauty,T-shirt,3,96.43,0,Pune,,1,4
ORD1135,CUST29,2024-12-11,Sports,Laptop,1,254.2,0,,Card,,2
ORD1136,CUST45,2024-02-11,Sports,Face Cream,2,215.27,10,Mumbai,NetBanking,,3
ORD1137,CUST40,2024-06-27,Beauty,Speaker,3,458.27,,Hyderabad,UPI,4,2
ORD1138,,2024-03-03,Beauty,T-shirt,2,187.57,10,Mumbai,UPI,5,1
ORD1139,,2024-12-17,Clothing,T-shirt,2,294.49,0,,Cash,7,2
ORD1140,CUST7,2024-08-18,Clothing,Dumbbells,2,319.81,0,Bangalore,UPI,2,
ORD1141,CUST36,2024-08-28,Electronics,Shoes,1,16.42,5,Bangalore,NetBanking,2,5
ORD1142,CUST8,2024-02-21,Home,Dumbbells,2,335.13,15,,NetBanking,4,
ORD1143,CUST25,2024-04-05,Electronics,,2,,0,Pune,UPI,3,3
ORD1144,CUST43,2024-08-09,Home,,2,480.92,10,Chennai,Card,5,2
ORD1145,CUST14,2024-08-18,,,1,82.84,20,Chennai,UPI,,3
ORD1146,CUST17,2024-08-24,Clothing,Shoes,5,213.17,10,Pune,NetBanking,3,3
ORD1147,CUST39,2024-05-22,Home,Face Cream,3,51.82,0,Bangalore,Card,2,5
ORD1148,CUST31,2024-06-19,Electronics,Shoes,4,498.47,0,Bangalore,UPI,5,1
ORD1149,CUST27,2024-01-29,Electronics,Headphones,4,256.08,20,Bangalore,UPI,2,3
ORD1150,CUST21,2024-02-05,Beauty,,3,301.74,0,Mumbai,Cash,5,2
ORD1151,CUST45,2024-01-13,Clothing,T-shirt,1,42.87,20,Bangalore,Card,3,3
ORD1152,CUST41,2024-06-08,,Watch,3,377.48,5,Delhi,Cash,4,4
ORD1153,CUST53,2024-11-22,Home,Speaker,3,112.85,,Hyderabad,NetBanking,1,3
ORD1154,CUST15,2024-07-05,Beauty,Face Cream,4,450.05,15,Bangalore,Card,4,3
ORD1155,CUST26,2024-08-30,Clothing,Laptop,2,110.52,,Pune,Card,3,3
ORD1156,CUST55,2024-03-26,,Shoes,1,103.44,0,,,3,3
ORD1157,CUST53,2024-10-10,Electronics,Speaker,2,27.91,15,Mumbai,Card,2,4
ORD1158,CUST56,2024-03-06,Electronics,Laptop,2,241.31,5,Pune,NetBanking,4,5
ORD1159,CUST21,2024-06-18,Home,Speaker,3,286.77,5,Hyderabad,,7,
ORD1160,CUST10,2024-02-14,Home,Watch,3,42.2,10,Pune,Card,2,4
ORD1161,CUST9,2024-03-02,Sports,Laptop,2,390.01,,Mumbai,NetBanking,1,3
ORD1162,CUST22,2024-05-13,Sports,Dumbbells,,,,Delhi,UPI,,4
ORD1163,CUST46,2024-10-10,,Blender,3,266.95,15,Mumbai,UPI,4,3
ORD1164,CUST13,2024-01-28,Home,Dumbbells,2,225.97,5,Mumbai,UPI,4,3
ORD1165,CUST32,2024-04-17,Clothing,,1,206.37,5,Pune,UPI,3,5
ORD1166,CUST5,2024-02-13,Beauty,Blender,1,,10,,Card,2,1
ORD1167,CUST24,2024-12-05,Clothing,Dumbbells,2,86.07,0,,UPI,3,
ORD1168,CUST46,2024-10-12,Home,Blender,1,99.14,0,Bangalore,,3,3
ORD1169,CUST26,2024-11-26,Electronics,Blender,1,432.27,0,Bangalore,Card,3,4
ORD1170,CUST15,2024-05-07,Electronics,T-shirt,2,473.6,0,Delhi,UPI,,4
ORD1171,CUST40,2024-12-13,,Shoes,1,192.92,0,Delhi,Card,1,5
ORD1172,CUST40,2024-08-18,Beauty,Shoes,5,142.66,0,Bangalore,,4,4
ORD1173,CUST7,2024-07-08,Sports,T-shirt,1,325.56,0,Chennai,Card,3,4
ORD1174,CUST31,2024-08-12,Home,Speaker,3,210.28,0,Bangalore,,3,1
ORD1175,CUST51,2024-10-09,Electronics,Headphones,2,22.44,,,UPI,4,3
ORD1176,CUST15,2024-04-30,Electronics,Speaker,,86.51,5,Chennai,Card,4,2
ORD1177,CUST49,2024-04-25,Clothing,Laptop,1,360.83,0,Delhi,Card,,4
ORD1178,CUST46,,Home,Laptop,2,332.87,10,Hyderabad,Card,1,3
ORD1179,CUST1,2024-09-15,,Blender,,23.28,0,Pune,UPI,1,4
ORD1180,CUST38,,Sports,Dumbbells,5,118.77,,,Card,4,1
,CUST19,2024-07-16,Clothing,Dumbbells,5,123.23,,,Cash,3,1
ORD1182,CUST42,2024-05-16,,Shoes,2,339.23,0,Delhi,UPI,2,4
ORD1183,CUST10,2024-11-13,Sports,Face Cream,1,19.66,5,Delhi,Card,1,1
ORD1184,CUST34,,Home,Speaker,4,61.01,20,Mumbai,UPI,1,1
ORD1185,CUST60,,Sports,,,401.96,,,Cash,7,1
ORD1186,,2024-11-02,Home,Watch,3,97.49,5,Mumbai,Card,2,
ORD1187,CUST47,2024-08-21,Clothing,Dumbbells,3,329.85,10,Mumbai,Card,2,4
ORD1188,,2024-06-20,Clothing,Watch,2,126.71,0,Pune,Card,2,3
ORD1189,CUST49,2024-05-31,Beauty,Blender,4,58.73,,Mumbai,,3,3
ORD1190,CUST50,2024-11-10,Electronics,Watch,1,129.15,0,Chennai,UPI,1,3
ORD1191,CUST47,2024-06-08,Electronics,,2,363.91,,Bangalore,UPI,3,4
ORD1192,CUST25,2024-04-05,Electronics,T-shirt,,429.29,10,Hyderabad,Cash,1,4
ORD1193,CUST45,2024-08-20,Electronics,,3,416.81,10,Delhi,Cash,5,2
ORD1194,CUST5,2024-06-28,Beauty,Watch,2,,,Chennai,UPI,2,2
ORD1195,CUST9,2024-04-22,Sports,,1,337.36,0,Hyderabad,NetBanking,3,1
ORD1196,,2024-11-13,Home,Headphones,3,110.44,0,,Card,,4
ORD1197,CUST44,2024-02-21,Electronics,Blender,2,153.64,0,,Card,4,4
ORD1198,,2024-09-24,Home,Speaker,3,449.2,0,,Card,3,3
ORD1199,CUST5,2024-10-21,Home,T-shirt,1,16.37,15,Chennai,Card,2,1
